{
  "dataset_name": "wall",
  "seed": false,
  "num_tests": 1,
  "penalty": {
    "adult": 1.69038933283209e-24,
    "cifar10": 0.15,
    "connect4": 3.665702124518219e-17,
    "isolete": 8.948176813872704e-12,
    "letter": 1.3214583874123556e-12,
    "mnist": 0.15,
    "mnist_fashion": 1,
    "musk2": 5.631016600467622e-12,
    "optdigits": 8.521582444235834e-26,
    "page_blocks": 8.617895815709892e-12,
    "satimages": 1.105588807168286e-11,
    "segment": 2.5634299766240685e-11,
    "shuttle": 4.9501035759603156e-29,
    "spambase": 4.0238638857332915e-13,
    "usps": 1.0410413967617076e-12,
    "wall": 2.442187133157106e-30,
    "waveform": 7.514883372313729e-06
  },
  "scaling_factor": {
    "adult": 0.7735365538622208,
    "cifar10": 0.15,
    "connect4": 0.6296642684522955,
    "isolete": 0.7130442990114634,
    "letter": 0.1722563334511953,
    "mnist": 0.15,
    "mnist_fashion": 1,
    "musk2": 0.9794829297771911,
    "optdigits": 0.9133631742213043,
    "page_blocks": 0.7939194861772053,
    "satimages": 0.7447215103038944,
    "segment": 0.9525663426397086,
    "shuttle": 0.8145734922136045,
    "spambase": 0.12218852497271493,
    "usps": 0.9806451612903225,
    "wall": 0.25283872210285085,
    "waveform": 0.8746666666666667
  },
  "hidden_neurons": {
    "adult": [300, 100, 500],
    "cifar10": [1000, 2000, 3000],
    "connect4": [400, 200, 2000],
    "isolete": [800, 400, 3000],
    "letter": [1000, 500, 5000],
    "mnist": [1000, 2000, 3000],
    "mnist_fashion": [1000, 2000, 3000],
    "musk2": [400, 200, 2000],
    "optdigits": [700, 100, 1000],
    "page_blocks": [100, 50, 500],
    "satimages": [100, 50, 3500],
    "segment": [100, 50, 750],
    "shuttle": [100, 50, 500],
    "spambase": [900, 300, 400],
    "usps": [800, 200, 2000],
    "wall": [100, 50, 500],
    "waveform": [100, 50, 500]
  },
  "hyperparamtuning": {
    "metric": "accuracy",
    "mode": "max",
    "grace_period": 1,
    "reduction_factor": 2,
    "num_samples": 64,
    "num_resources": {
      "cpu": 2,
      "gpu": 1
    },
    "C_penalty": {
      "from": 1e-30,
      "to": 1e-5
    },
    "scaling_factor": {
      "from": 0.0,
      "to": 1.0
    }
  }
}
