{
  "dataset_name": "page_blocks",
  "activation": "LeakyReLU",
  "number_of_tests": 20,
  "seed": true,
  "method": "EXP_ORT_C",
  "mu": 0,
  "sigma": 0.1,
  "eq_neurons": {
    "connect4": [866, 866, 866],
    "isolete": [1300, 1300, 1300],
    "letter": [1500, 1500, 1500],
    "mnist": [2000, 2000, 2000],
    "mnist_fashion": [2000, 2000, 2000],
    "musk2": [866, 866, 866],
    "optdigits": [216, 216, 216],
    "page_blocks": [216, 216, 216],
    "segment": [300, 300, 300],
    "shuttle": [216, 216, 216],
    "usps": [1000, 1000, 1000]
  },
  "exp_neurons": {
    "connect4": [2049, 452, 100],
    "isolete": [1400, 1300, 1200],
    "letter": [3000, 1000, 500],
    "mnist": [4000, 1500, 500],
    "mnist_fashion": [4000, 1500, 500],
    "musk2": [1200, 750, 650],
    "optdigits": [1000, 500, 300],
    "page_blocks": [300, 200, 150],
    "segment": [600, 200, 100],
    "shuttle": [700, 400, 200],
    "usps": [1600, 1000, 400]
  },
  "penalty": {
    "connect4": 0.9160671883437745,
    "isolete": 11.804836784809297,
    "letter": 11,
    "mnist": 5,
    "mnist_fashion": 1,
    "musk2": 4.307758353672464,
    "optdigits": 4.249456334574201,
    "page_blocks": 23,
    "segment": 27.081874713319767,
    "shuttle": 1.0931391890788145,
    "usps": 23.403336023701186
  },
  "rcond": {
    "connect4": {
      "BASE": 1e-15,
      "EXP_ORT": 1e-15,
      "EXP_ORT_C": 3.254980105482745e-20
    },
    "isolete": {
      "BASE": null,
      "EXP_ORT": null,
      "EXP_ORT_C": 4.727526246819078e-08
    },
    "letter": {
      "BASE": 1e-5,
      "EXP_ORT": 1e-5,
      "EXP_ORT_C": 1e-15
    },
    "mnist": {
      "BASE": 1e-15,
      "EXP_ORT": 1e-15,
      "EXP_ORT_C": 1e-15
    },
    "mnist_fashion": {
      "BASE": 1e-15,
      "EXP_ORT": 1e-15,
      "EXP_ORT_C": 1e-15
    },
    "musk2": {
      "BASE": null,
      "EXP_ORT": null,
      "EXP_ORT_C": 9.134960717559678e-08
    },
    "optdigits": {
      "BASE": 1e-5,
      "EXP_ORT": 1e-5,
      "EXP_ORT_C": 2.1775241986834606e-08
    },
    "page_blocks": {
      "BASE": 1e-5,
      "EXP_ORT": 1e-5,
      "EXP_ORT_C": 1e-15
    },
    "segment": {
      "BASE": null,
      "EXP_ORT": null,
      "EXP_ORT_C": 6.98737699809845e-09
    },
    "shuttle": {
      "BASE": 1e-5,
      "EXP_ORT": 1e-5,
      "EXP_ORT_C": 3.262325065151643e-16
    },
    "usps": {
      "BASE": null,
      "EXP_ORT": null,
      "EXP_ORT_C": 6.395608287454213e-21
    }
  }
}