{
  "dataset_name": "page_blocks",
  "patience": 10,
  "seed": false,
  "epochs": 1000,
  "device": "cuda",
  "num_tests": 10,
  "learning_rate": {
    "connect4": 0.0014840476104628093,
    "isolete": 0.001907640069101866,
    "letter": 0.000889053777822152,
    "mnist": 0.0005541711466489801,
    "mnist_fashion": 0.0005541711466489801,
    "musk2": 0.007645316148798358,
    "optdigits": 0.0004845929511061878,
    "page_blocks": 0.002273152099419009,
    "satimages": 0.0008633547703952462,
    "segment": 0.0009172205002756651,
    "shuttle": 0.0007259147473856188,
    "spambase": 0.0009002077236058769,
    "usps": 0.0010065774024284563
  },
  "hidden_neurons": {
    "connect4": 866,
    "isolete": 1300,
    "letter": 1500,
    "mnist": 2000,
    "mnist_fashion": 2000,
    "musk2": 866,
    "optdigits": 600,
    "page_blocks": 216,
    "satimages": 1200,
    "segment": 1000,
    "shuttle": 216,
    "spambase": 500,
    "usps": 1000
  },
  "batch_size": {
    "connect4": 128,
    "isolete": 128,
    "letter": 64,
    "mnist": 128,
    "mnist_fashion": 128,
    "musk2": 64,
    "optdigits": 128,
    "page_blocks": 128,
    "satimages": 64,
    "segment": 128,
    "shuttle": 64,
    "spambase": 32,
    "usps": 64
  }
}